Student ID,Name
1,Student 1
2,Student 2
3,Student 3
4,Student 4
5,Student 5
6,Student 6
7,Student 7
8,Student 8
9,Student 9
10,Student 10
11,Student 11
12,Student 12
13,Student 13
14,Student 14
15,Student 15
16,Student 16
17,Student 17
18,Student 18
19,Student 19
20,Student 20
21,Student 21
22,Student 22
23,Student 23
24,Student 24
25,Student 25
26,Student 26
27,Student 27
28,Student 28
29,Student 29
30,Student 30
31,Student 31
32,Student 32
33,Student 33
34,Student 34
35,Student 35
36,Student 36
37,Student 37
38,Student 38
39,Student 39
40,Student 40
41,Student 41
42,Student 42
43,Student 43
44,Student 44
45,Student 45
46,Student 46
47,Student 47
48,Student 48
49,Student 49
50,Student 50
51,Student 51
52,Student 52
53,Student 53
54,Student 54
55,Student 55
56,Student 56
57,Student 57
58,Student 58
59,Student 59
60,Student 60
61,Student 61
62,Student 62
63,Student 63
64,Student 64
65,Student 65
66,Student 66
67,Student 67
68,Student 68
69,Student 69
70,Student 70
71,Student 71
72,Student 72
73,Student 73
74,Student 74
75,Student 75
76,Student 76
77,Student 77
78,Student 78
79,Student 79
80,Student 80
81,Student 81
82,Student 82
83,Student 83
84,Student 84
85,Student 85
86,Student 86
87,Student 87
88,Student 88
89,Student 89
90,Student 90
91,Student 91
92,Student 92
93,Student 93
94,Student 94
95,Student 95
96,Student 96
97,Student 97
98,Student 98
99,Student 99
100,Student 100
101,Student 101
102,Student 102
103,Student 103
104,Student 104
105,Student 105
106,Student 106
107,Student 107
108,Student 108
109,Student 109
110,Student 110
111,Student 111
112,Student 112
113,Student 113
114,Student 114
115,Student 115
116,Student 116
117,Student 117
118,Student 118
119,Student 119
120,Student 120
121,Student 121
122,Student 122
123,Student 123
124,Student 124
125,Student 125
126,Student 126
127,Student 127
128,Student 128
129,Student 129
130,Student 130
131,Student 131
132,Student 132
133,Student 133
134,Student 134
135,Student 135
136,Student 136
137,Student 137
138,Student 138
139,Student 139
140,Student 140
141,Student 141
142,Student 142
143,Student 143
144,Student 144
145,Student 145
146,Student 146
147,Student 147
148,Student 148
149,Student 149
150,Student 150
151,Student 151
152,Student 152
153,Student 153
154,Student 154
155,Student 155
156,Student 156
157,Student 157
158,Student 158
159,Student 159
160,Student 160
161,Student 161
162,Student 162
163,Student 163
164,Student 164
165,Student 165
166,Student 166
167,Student 167
168,Student 168
169,Student 169
170,Student 170
171,Student 171
172,Student 172
173,Student 173
174,Student 174
175,Student 175
176,Student 176
177,Student 177
178,Student 178
179,Student 179
180,Student 180
181,Student 181
182,Student 182
183,Student 183
184,Student 184
185,Student 185
186,Student 186
187,Student 187
188,Student 188
189,Student 189
190,Student 190
191,Student 191
192,Student 192
193,Student 193
194,Student 194
195,Student 195
196,Student 196
197,Student 197
198,Student 198
199,Student 199
200,Student 200
201,Student 201
202,Student 202
203,Student 203
204,Student 204
205,Student 205
206,Student 206
207,Student 207
208,Student 208
209,Student 209
210,Student 210
211,Student 211
212,Student 212
213,Student 213
214,Student 214
215,Student 215
216,Student 216
217,Student 217
218,Student 218
219,Student 219
220,Student 220
221,Student 221
222,Student 222
223,Student 223
224,Student 224
225,Student 225
226,Student 226
227,Student 227
228,Student 228
229,Student 229
230,Student 230
231,Student 231
232,Student 232
233,Student 233
234,Student 234
235,Student 235
236,Student 236
237,Student 237
238,Student 238
239,Student 239
240,Student 240
241,Student 241
242,Student 242
243,Student 243
244,Student 244
245,Student 245
246,Student 246
247,Student 247
248,Student 248
249,Student 249
250,Student 250
251,Student 251
252,Student 252
253,Student 253
254,Student 254
255,Student 255
256,Student 256
257,Student 257
258,Student 258
259,Student 259
260,Student 260
261,Student 261
262,Student 262
263,Student 263
264,Student 264
265,Student 265
266,Student 266
267,Student 267
268,Student 268
269,Student 269
270,Student 270
271,Student 271
272,Student 272
273,Student 273
274,Student 274
275,Student 275
276,Student 276
277,Student 277
278,Student 278
279,Student 279
280,Student 280
281,Student 281
282,Student 282
283,Student 283
284,Student 284
285,Student 285
286,Student 286
287,Student 287
288,Student 288
289,Student 289
290,Student 290
291,Student 291
292,Student 292
293,Student 293
294,Student 294
295,Student 295
296,Student 296
297,Student 297
298,Student 298
299,Student 299
300,Student 300
301,Student 301
302,Student 302
303,Student 303
304,Student 304
305,Student 305
306,Student 306
307,Student 307
308,Student 308
309,Student 309
310,Student 310
311,Student 311
312,Student 312
313,Student 313
314,Student 314
315,Student 315
316,Student 316
317,Student 317
318,Student 318
319,Student 319
320,Student 320
321,Student 321
322,Student 322
323,Student 323
324,Student 324
325,Student 325
326,Student 326
327,Student 327
328,Student 328
329,Student 329
330,Student 330
331,Student 331
332,Student 332
333,Student 333
334,Student 334
335,Student 335
336,Student 336
337,Student 337
338,Student 338
339,Student 339
340,Student 340
341,Student 341
342,Student 342
343,Student 343
344,Student 344
345,Student 345
346,Student 346
347,Student 347
348,Student 348
349,Student 349
350,Student 350
351,Student 351
352,Student 352
353,Student 353
354,Student 354
355,Student 355
356,Student 356
357,Student 357
358,Student 358
359,Student 359
360,Student 360
361,Student 361
362,Student 362
363,Student 363
364,Student 364
365,Student 365
366,Student 366
367,Student 367
368,Student 368
369,Student 369
370,Student 370
371,Student 371
372,Student 372
373,Student 373
374,Student 374
375,Student 375
376,Student 376
377,Student 377
378,Student 378
379,Student 379
380,Student 380
381,Student 381
382,Student 382
383,Student 383
384,Student 384
385,Student 385
386,Student 386
387,Student 387
388,Student 388
389,Student 389
390,Student 390
391,Student 391
392,Student 392
393,Student 393
394,Student 394
395,Student 395
396,Student 396
397,Student 397
398,Student 398
399,Student 399
400,Student 400
401,Student 401
402,Student 402
403,Student 403
404,Student 404
405,Student 405
406,Student 406
407,Student 407
408,Student 408
409,Student 409
410,Student 410
411,Student 411
412,Student 412
413,Student 413
414,Student 414
415,Student 415
416,Student 416
417,Student 417
418,Student 418
419,Student 419
420,Student 420
421,Student 421
422,Student 422
423,Student 423
424,Student 424
425,Student 425
426,Student 426
427,Student 427
428,Student 428
429,Student 429
430,Student 430
431,Student 431
432,Student 432
433,Student 433
434,Student 434
435,Student 435
436,Student 436
437,Student 437
438,Student 438
439,Student 439
440,Student 440
441,Student 441
442,Student 442
443,Student 443
444,Student 444
445,Student 445
446,Student 446
447,Student 447
448,Student 448
449,Student 449
450,Student 450
451,Student 451
452,Student 452
453,Student 453
454,Student 454
455,Student 455
456,Student 456
457,Student 457
458,Student 458
459,Student 459
460,Student 460
461,Student 461
462,Student 462
463,Student 463
464,Student 464
465,Student 465
466,Student 466
467,Student 467
468,Student 468
469,Student 469
470,Student 470
471,Student 471
472,Student 472
473,Student 473
474,Student 474
475,Student 475
476,Student 476
477,Student 477
478,Student 478
479,Student 479
480,Student 480
481,Student 481
482,Student 482
483,Student 483
484,Student 484
485,Student 485
486,Student 486
487,Student 487
488,Student 488
489,Student 489
490,Student 490
491,Student 491
492,Student 492
493,Student 493
494,Student 494
495,Student 495
496,Student 496
497,Student 497
498,Student 498
499,Student 499
500,Student 500
501,Student 501
502,Student 502
503,Student 503
504,Student 504
505,Student 505
506,Student 506
507,Student 507
508,Student 508
509,Student 509
510,Student 510
511,Student 511
512,Student 512
513,Student 513
514,Student 514
515,Student 515
516,Student 516
517,Student 517
518,Student 518
519,Student 519
520,Student 520
521,Student 521
522,Student 522
523,Student 523
524,Student 524
525,Student 525
526,Student 526
527,Student 527
528,Student 528
529,Student 529
530,Student 530
531,Student 531
532,Student 532
533,Student 533
534,Student 534
535,Student 535
536,Student 536
537,Student 537
538,Student 538
539,Student 539
540,Student 540
541,Student 541
542,Student 542
543,Student 543
544,Student 544
545,Student 545
546,Student 546
547,Student 547
548,Student 548
549,Student 549
550,Student 550
551,Student 551
552,Student 552
553,Student 553
554,Student 554
555,Student 555
556,Student 556
557,Student 557
558,Student 558
559,Student 559
560,Student 560
561,Student 561
562,Student 562
563,Student 563
564,Student 564
565,Student 565
566,Student 566
567,Student 567
568,Student 568
569,Student 569
570,Student 570
571,Student 571
572,Student 572
573,Student 573
574,Student 574
575,Student 575
576,Student 576
577,Student 577
578,Student 578
579,Student 579
580,Student 580
581,Student 581
582,Student 582
583,Student 583
584,Student 584
585,Student 585
586,Student 586
587,Student 587
588,Student 588
589,Student 589
590,Student 590
591,Student 591
592,Student 592
593,Student 593
594,Student 594
595,Student 595
596,Student 596
597,Student 597
598,Student 598
599,Student 599
600,Student 600
601,Student 601
602,Student 602
603,Student 603
604,Student 604
605,Student 605
606,Student 606
607,Student 607
608,Student 608
609,Student 609
610,Student 610
611,Student 611
612,Student 612
613,Student 613
614,Student 614
615,Student 615
616,Student 616
617,Student 617
618,Student 618
619,Student 619
620,Student 620
621,Student 621
622,Student 622
623,Student 623
624,Student 624
625,Student 625
626,Student 626
627,Student 627
628,Student 628
629,Student 629
630,Student 630
631,Student 631
632,Student 632
633,Student 633
634,Student 634
635,Student 635
636,Student 636
637,Student 637
638,Student 638
639,Student 639
640,Student 640
641,Student 641
642,Student 642
643,Student 643
644,Student 644
645,Student 645
646,Student 646
647,Student 647
648,Student 648
649,Student 649
650,Student 650
651,Student 651
652,Student 652
653,Student 653
654,Student 654
655,Student 655
656,Student 656
657,Student 657
658,Student 658
659,Student 659
660,Student 660
661,Student 661
662,Student 662
663,Student 663
664,Student 664
665,Student 665
666,Student 666
667,Student 667
668,Student 668
669,Student 669
670,Student 670
671,Student 671
672,Student 672
673,Student 673
674,Student 674
675,Student 675
676,Student 676
677,Student 677
678,Student 678
679,Student 679
680,Student 680
681,Student 681
682,Student 682
683,Student 683
684,Student 684
685,Student 685
686,Student 686
687,Student 687
688,Student 688
689,Student 689
690,Student 690
691,Student 691
692,Student 692
693,Student 693
694,Student 694
695,Student 695
696,Student 696
697,Student 697
698,Student 698
699,Student 699
700,Student 700
701,Student 701
702,Student 702
703,Student 703
704,Student 704
705,Student 705
706,Student 706
707,Student 707
708,Student 708
709,Student 709
710,Student 710
711,Student 711
712,Student 712
713,Student 713
714,Student 714
715,Student 715
716,Student 716
717,Student 717
718,Student 718
719,Student 719
720,Student 720
721,Student 721
722,Student 722
723,Student 723
724,Student 724
725,Student 725
726,Student 726
727,Student 727
728,Student 728
729,Student 729
730,Student 730
731,Student 731
732,Student 732
733,Student 733
734,Student 734
735,Student 735
736,Student 736
737,Student 737
738,Student 738
739,Student 739
740,Student 740
741,Student 741
742,Student 742
743,Student 743
744,Student 744
745,Student 745
746,Student 746
747,Student 747
748,Student 748
749,Student 749
750,Student 750
751,Student 751
752,Student 752
753,Student 753
754,Student 754
755,Student 755
756,Student 756
757,Student 757
758,Student 758
759,Student 759
760,Student 760
761,Student 761
762,Student 762
763,Student 763
764,Student 764
765,Student 765
766,Student 766
767,Student 767
768,Student 768
769,Student 769
770,Student 770
771,Student 771
772,Student 772
773,Student 773
774,Student 774
775,Student 775
776,Student 776
777,Student 777
778,Student 778
779,Student 779
780,Student 780
781,Student 781
782,Student 782
783,Student 783
784,Student 784
785,Student 785
786,Student 786
787,Student 787
788,Student 788
789,Student 789
790,Student 790
791,Student 791
792,Student 792
793,Student 793
794,Student 794
795,Student 795
796,Student 796
797,Student 797
798,Student 798
799,Student 799
800,Student 800
801,Student 801
802,Student 802
803,Student 803
804,Student 804
805,Student 805
806,Student 806
807,Student 807
808,Student 808
809,Student 809
810,Student 810
811,Student 811
812,Student 812
813,Student 813
814,Student 814
815,Student 815
816,Student 816
817,Student 817
818,Student 818
819,Student 819
820,Student 820
821,Student 821
822,Student 822
823,Student 823
824,Student 824
825,Student 825
826,Student 826
827,Student 827
828,Student 828
829,Student 829
830,Student 830
831,Student 831
832,Student 832
833,Student 833
834,Student 834
835,Student 835
836,Student 836
837,Student 837
838,Student 838
839,Student 839
840,Student 840
841,Student 841
842,Student 842
843,Student 843
844,Student 844
845,Student 845
846,Student 846
847,Student 847
848,Student 848
849,Student 849
850,Student 850
851,Student 851
852,Student 852
853,Student 853
854,Student 854
855,Student 855
856,Student 856
857,Student 857
858,Student 858
859,Student 859
860,Student 860
861,Student 861
862,Student 862
863,Student 863
864,Student 864
865,Student 865
866,Student 866
867,Student 867
868,Student 868
869,Student 869
870,Student 870
871,Student 871
872,Student 872
873,Student 873
874,Student 874
875,Student 875
876,Student 876
877,Student 877
878,Student 878
879,Student 879
880,Student 880
881,Student 881
882,Student 882
883,Student 883
884,Student 884
885,Student 885
886,Student 886
887,Student 887
888,Student 888
889,Student 889
890,Student 890
891,Student 891
892,Student 892
893,Student 893
894,Student 894
895,Student 895
896,Student 896
897,Student 897
898,Student 898
899,Student 899
900,Student 900
901,Student 901
902,Student 902
903,Student 903
904,Student 904
905,Student 905
906,Student 906
907,Student 907
908,Student 908
909,Student 909
910,Student 910
911,Student 911
912,Student 912
913,Student 913
914,Student 914
915,Student 915
916,Student 916
917,Student 917
918,Student 918
919,Student 919
920,Student 920
921,Student 921
922,Student 922
923,Student 923
924,Student 924
925,Student 925
926,Student 926
927,Student 927
928,Student 928
929,Student 929
930,Student 930
931,Student 931
932,Student 932
933,Student 933
934,Student 934
935,Student 935
936,Student 936
937,Student 937
938,Student 938
939,Student 939
940,Student 940
941,Student 941
942,Student 942
943,Student 943
944,Student 944
945,Student 945
946,Student 946
947,Student 947
948,Student 948
949,Student 949
950,Student 950
951,Student 951
952,Student 952
953,Student 953
954,Student 954
955,Student 955
956,Student 956
957,Student 957
958,Student 958
959,Student 959
960,Student 960
961,Student 961
962,Student 962
963,Student 963
964,Student 964
965,Student 965
966,Student 966
967,Student 967
968,Student 968
969,Student 969
970,Student 970
971,Student 971
972,Student 972
973,Student 973
974,Student 974
975,Student 975
976,Student 976
977,Student 977
978,Student 978
979,Student 979
980,Student 980
981,Student 981
982,Student 982
983,Student 983
984,Student 984
985,Student 985
986,Student 986
987,Student 987
988,Student 988
989,Student 989
990,Student 990
991,Student 991
992,Student 992
993,Student 993
994,Student 994
995,Student 995
996,Student 996
997,Student 997
998,Student 998
999,Student 999
1000,Student 1000
1001,Student 1001
1002,Student 1002
1003,Student 1003
1004,Student 1004
1005,Student 1005
1006,Student 1006
1007,Student 1007
1008,Student 1008
1009,Student 1009
1010,Student 1010
1011,Student 1011
1012,Student 1012
1013,Student 1013
1014,Student 1014
1015,Student 1015
1016,Student 1016
1017,Student 1017
1018,Student 1018
1019,Student 1019
1020,Student 1020
1021,Student 1021
1022,Student 1022
1023,Student 1023
1024,Student 1024
1025,Student 1025
1026,Student 1026
1027,Student 1027
1028,Student 1028
1029,Student 1029
1030,Student 1030
1031,Student 1031
1032,Student 1032
1033,Student 1033
1034,Student 1034
1035,Student 1035
1036,Student 1036
1037,Student 1037
1038,Student 1038
1039,Student 1039
1040,Student 1040
1041,Student 1041
1042,Student 1042
1043,Student 1043
1044,Student 1044
1045,Student 1045
1046,Student 1046
1047,Student 1047
1048,Student 1048
1049,Student 1049
1050,Student 1050
1051,Student 1051
1052,Student 1052
1053,Student 1053
1054,Student 1054
1055,Student 1055
1056,Student 1056
1057,Student 1057
1058,Student 1058
1059,Student 1059
1060,Student 1060
1061,Student 1061
1062,Student 1062
1063,Student 1063
1064,Student 1064
1065,Student 1065
1066,Student 1066
1067,Student 1067
1068,Student 1068
1069,Student 1069
1070,Student 1070
1071,Student 1071
1072,Student 1072
1073,Student 1073
1074,Student 1074
1075,Student 1075
1076,Student 1076
1077,Student 1077
1078,Student 1078
1079,Student 1079
1080,Student 1080
1081,Student 1081
1082,Student 1082
1083,Student 1083
1084,Student 1084
1085,Student 1085
1086,Student 1086
1087,Student 1087
1088,Student 1088
1089,Student 1089
1090,Student 1090
1091,Student 1091
1092,Student 1092
1093,Student 1093
1094,Student 1094
1095,Student 1095
1096,Student 1096
1097,Student 1097
1098,Student 1098
1099,Student 1099
1100,Student 1100
1101,Student 1101
1102,Student 1102
1103,Student 1103
1104,Student 1104
1105,Student 1105
1106,Student 1106
1107,Student 1107
1108,Student 1108
1109,Student 1109
1110,Student 1110
1111,Student 1111
1112,Student 1112
1113,Student 1113
1114,Student 1114
1115,Student 1115
1116,Student 1116
1117,Student 1117
1118,Student 1118
1119,Student 1119
1120,Student 1120
1121,Student 1121
1122,Student 1122
1123,Student 1123
1124,Student 1124
1125,Student 1125
1126,Student 1126
1127,Student 1127
1128,Student 1128
1129,Student 1129
1130,Student 1130
1131,Student 1131
1132,Student 1132
1133,Student 1133
1134,Student 1134
1135,Student 1135
1136,Student 1136
1137,Student 1137
1138,Student 1138
1139,Student 1139
1140,Student 1140
1141,Student 1141
1142,Student 1142
1143,Student 1143
1144,Student 1144
1145,Student 1145
1146,Student 1146
1147,Student 1147
1148,Student 1148
1149,Student 1149
1150,Student 1150
1151,Student 1151
1152,Student 1152
1153,Student 1153
1154,Student 1154
1155,Student 1155
1156,Student 1156
1157,Student 1157
1158,Student 1158
1159,Student 1159
1160,Student 1160
1161,Student 1161
1162,Student 1162
1163,Student 1163
1164,Student 1164
1165,Student 1165
1166,Student 1166
1167,Student 1167
1168,Student 1168
1169,Student 1169
1170,Student 1170
1171,Student 1171
1172,Student 1172
1173,Student 1173
1174,Student 1174
1175,Student 1175
1176,Student 1176
1177,Student 1177
1178,Student 1178
1179,Student 1179
1180,Student 1180
1181,Student 1181
1182,Student 1182
1183,Student 1183
1184,Student 1184
1185,Student 1185
1186,Student 1186
1187,Student 1187
1188,Student 1188
1189,Student 1189
1190,Student 1190
1191,Student 1191
1192,Student 1192
1193,Student 1193
1194,Student 1194
1195,Student 1195
1196,Student 1196
1197,Student 1197
1198,Student 1198
1199,Student 1199
1200,Student 1200
1201,Student 1201
1202,Student 1202
1203,Student 1203
1204,Student 1204
1205,Student 1205
1206,Student 1206
1207,Student 1207
1208,Student 1208
1209,Student 1209
1210,Student 1210
1211,Student 1211
1212,Student 1212
1213,Student 1213
1214,Student 1214
1215,Student 1215
1216,Student 1216
1217,Student 1217
1218,Student 1218
1219,Student 1219
1220,Student 1220
1221,Student 1221
1222,Student 1222
1223,Student 1223
1224,Student 1224
1225,Student 1225
1226,Student 1226
1227,Student 1227
1228,Student 1228
1229,Student 1229
1230,Student 1230
1231,Student 1231
1232,Student 1232
1233,Student 1233
1234,Student 1234
1235,Student 1235
1236,Student 1236
1237,Student 1237
1238,Student 1238
1239,Student 1239
1240,Student 1240
1241,Student 1241
1242,Student 1242
1243,Student 1243
1244,Student 1244
1245,Student 1245
1246,Student 1246
1247,Student 1247
1248,Student 1248
1249,Student 1249
1250,Student 1250
1251,Student 1251
1252,Student 1252
1253,Student 1253
1254,Student 1254
1255,Student 1255
1256,Student 1256
1257,Student 1257
1258,Student 1258
1259,Student 1259
1260,Student 1260
1261,Student 1261
1262,Student 1262
1263,Student 1263
1264,Student 1264
1265,Student 1265
1266,Student 1266
1267,Student 1267
1268,Student 1268
1269,Student 1269
1270,Student 1270
1271,Student 1271
1272,Student 1272
1273,Student 1273
1274,Student 1274
1275,Student 1275
1276,Student 1276
1277,Student 1277
1278,Student 1278
1279,Student 1279
1280,Student 1280
1281,Student 1281
1282,Student 1282
1283,Student 1283
1284,Student 1284
1285,Student 1285
1286,Student 1286
1287,Student 1287
1288,Student 1288
1289,Student 1289
1290,Student 1290
1291,Student 1291
1292,Student 1292
1293,Student 1293
1294,Student 1294
1295,Student 1295
1296,Student 1296
1297,Student 1297
1298,Student 1298
1299,Student 1299
1300,Student 1300
1301,Student 1301
1302,Student 1302
1303,Student 1303
1304,Student 1304
1305,Student 1305
1306,Student 1306
1307,Student 1307
1308,Student 1308
1309,Student 1309
1310,Student 1310
1311,Student 1311
1312,Student 1312
1313,Student 1313
1314,Student 1314
1315,Student 1315
1316,Student 1316
1317,Student 1317
1318,Student 1318
1319,Student 1319
1320,Student 1320
1321,Student 1321
1322,Student 1322
1323,Student 1323
1324,Student 1324
1325,Student 1325
1326,Student 1326
1327,Student 1327
1328,Student 1328
1329,Student 1329
1330,Student 1330
1331,Student 1331
1332,Student 1332
1333,Student 1333
1334,Student 1334
1335,Student 1335
1336,Student 1336
1337,Student 1337
1338,Student 1338
1339,Student 1339
1340,Student 1340
1341,Student 1341
1342,Student 1342
1343,Student 1343
1344,Student 1344
1345,Student 1345
1346,Student 1346
1347,Student 1347
1348,Student 1348
1349,Student 1349
1350,Student 1350
1351,Student 1351
1352,Student 1352
1353,Student 1353
1354,Student 1354
1355,Student 1355
1356,Student 1356
1357,Student 1357
1358,Student 1358
1359,Student 1359
1360,Student 1360
1361,Student 1361
1362,Student 1362
1363,Student 1363
1364,Student 1364
1365,Student 1365
1366,Student 1366
1367,Student 1367
1368,Student 1368
1369,Student 1369
1370,Student 1370
1371,Student 1371
1372,Student 1372
1373,Student 1373
1374,Student 1374
1375,Student 1375
1376,Student 1376
1377,Student 1377
1378,Student 1378
1379,Student 1379
1380,Student 1380
1381,Student 1381
1382,Student 1382
1383,Student 1383
1384,Student 1384
1385,Student 1385
1386,Student 1386
1387,Student 1387
1388,Student 1388
1389,Student 1389
1390,Student 1390
1391,Student 1391
1392,Student 1392
1393,Student 1393
1394,Student 1394
1395,Student 1395
1396,Student 1396
1397,Student 1397
1398,Student 1398
1399,Student 1399
1400,Student 1400
1401,Student 1401
1402,Student 1402
1403,Student 1403
1404,Student 1404
1405,Student 1405
1406,Student 1406
1407,Student 1407
1408,Student 1408
1409,Student 1409
1410,Student 1410
1411,Student 1411
1412,Student 1412
1413,Student 1413
1414,Student 1414
1415,Student 1415
1416,Student 1416
1417,Student 1417
1418,Student 1418
1419,Student 1419
1420,Student 1420
1421,Student 1421
1422,Student 1422
1423,Student 1423
1424,Student 1424
1425,Student 1425
1426,Student 1426
1427,Student 1427
1428,Student 1428
1429,Student 1429
1430,Student 1430
1431,Student 1431
1432,Student 1432
1433,Student 1433
1434,Student 1434
1435,Student 1435
1436,Student 1436
1437,Student 1437
1438,Student 1438
1439,Student 1439
1440,Student 1440
1441,Student 1441
1442,Student 1442
1443,Student 1443
1444,Student 1444
1445,Student 1445
1446,Student 1446
1447,Student 1447
1448,Student 1448
1449,Student 1449
1450,Student 1450
1451,Student 1451
1452,Student 1452
1453,Student 1453
1454,Student 1454
1455,Student 1455
1456,Student 1456
1457,Student 1457
1458,Student 1458
1459,Student 1459
1460,Student 1460
1461,Student 1461
1462,Student 1462
1463,Student 1463
1464,Student 1464
1465,Student 1465
1466,Student 1466
1467,Student 1467
1468,Student 1468
1469,Student 1469
1470,Student 1470
1471,Student 1471
1472,Student 1472
1473,Student 1473
1474,Student 1474
1475,Student 1475
1476,Student 1476
1477,Student 1477
1478,Student 1478
1479,Student 1479
1480,Student 1480
1481,Student 1481
1482,Student 1482
1483,Student 1483
1484,Student 1484
1485,Student 1485
1486,Student 1486
1487,Student 1487
1488,Student 1488
1489,Student 1489
1490,Student 1490
1491,Student 1491
1492,Student 1492
1493,Student 1493
1494,Student 1494
1495,Student 1495
1496,Student 1496
1497,Student 1497
1498,Student 1498
1499,Student 1499
1500,Student 1500
1501,Student 1501
1502,Student 1502
1503,Student 1503
1504,Student 1504
1505,Student 1505
1506,Student 1506
1507,Student 1507
1508,Student 1508
1509,Student 1509
1510,Student 1510
1511,Student 1511
1512,Student 1512
1513,Student 1513
1514,Student 1514
1515,Student 1515
1516,Student 1516
1517,Student 1517
1518,Student 1518
1519,Student 1519
1520,Student 1520
1521,Student 1521
1522,Student 1522
1523,Student 1523
1524,Student 1524
1525,Student 1525
1526,Student 1526
1527,Student 1527
1528,Student 1528
1529,Student 1529
1530,Student 1530
1531,Student 1531
1532,Student 1532
1533,Student 1533
1534,Student 1534
1535,Student 1535
1536,Student 1536
1537,Student 1537
1538,Student 1538
1539,Student 1539
1540,Student 1540
1541,Student 1541
1542,Student 1542
1543,Student 1543
1544,Student 1544
1545,Student 1545
1546,Student 1546
1547,Student 1547
1548,Student 1548
1549,Student 1549
1550,Student 1550
1551,Student 1551
1552,Student 1552
1553,Student 1553
1554,Student 1554
1555,Student 1555
1556,Student 1556
1557,Student 1557
1558,Student 1558
1559,Student 1559
1560,Student 1560
1561,Student 1561
1562,Student 1562
1563,Student 1563
1564,Student 1564
1565,Student 1565
1566,Student 1566
1567,Student 1567
1568,Student 1568
1569,Student 1569
1570,Student 1570
1571,Student 1571
1572,Student 1572
1573,Student 1573
1574,Student 1574
1575,Student 1575
1576,Student 1576
1577,Student 1577
1578,Student 1578
1579,Student 1579
1580,Student 1580
1581,Student 1581
1582,Student 1582
1583,Student 1583
1584,Student 1584
1585,Student 1585
1586,Student 1586
1587,Student 1587
1588,Student 1588
1589,Student 1589
1590,Student 1590
1591,Student 1591
1592,Student 1592
1593,Student 1593
1594,Student 1594
1595,Student 1595
1596,Student 1596
1597,Student 1597
1598,Student 1598
1599,Student 1599
1600,Student 1600
1601,Student 1601
1602,Student 1602
1603,Student 1603
1604,Student 1604
1605,Student 1605
1606,Student 1606
1607,Student 1607
1608,Student 1608
1609,Student 1609
1610,Student 1610
1611,Student 1611
1612,Student 1612
1613,Student 1613
1614,Student 1614
1615,Student 1615
1616,Student 1616
1617,Student 1617
1618,Student 1618
1619,Student 1619
1620,Student 1620
1621,Student 1621
1622,Student 1622
1623,Student 1623
1624,Student 1624
1625,Student 1625
1626,Student 1626
1627,Student 1627
1628,Student 1628
1629,Student 1629
1630,Student 1630
1631,Student 1631
1632,Student 1632
1633,Student 1633
1634,Student 1634
1635,Student 1635
1636,Student 1636
1637,Student 1637
1638,Student 1638
1639,Student 1639
1640,Student 1640
1641,Student 1641
1642,Student 1642
1643,Student 1643
1644,Student 1644
1645,Student 1645
1646,Student 1646
1647,Student 1647
1648,Student 1648
1649,Student 1649
1650,Student 1650
1651,Student 1651
1652,Student 1652
1653,Student 1653
1654,Student 1654
1655,Student 1655
1656,Student 1656
1657,Student 1657
1658,Student 1658
1659,Student 1659
1660,Student 1660
1661,Student 1661
1662,Student 1662
1663,Student 1663
1664,Student 1664
1665,Student 1665
1666,Student 1666
1667,Student 1667
1668,Student 1668
1669,Student 1669
1670,Student 1670
1671,Student 1671
1672,Student 1672
1673,Student 1673
1674,Student 1674
1675,Student 1675
1676,Student 1676
1677,Student 1677
1678,Student 1678
1679,Student 1679
1680,Student 1680
1681,Student 1681
1682,Student 1682
1683,Student 1683
1684,Student 1684
1685,Student 1685
1686,Student 1686
1687,Student 1687
1688,Student 1688
1689,Student 1689
1690,Student 1690
1691,Student 1691
1692,Student 1692
1693,Student 1693
1694,Student 1694
1695,Student 1695
1696,Student 1696
1697,Student 1697
1698,Student 1698
1699,Student 1699
1700,Student 1700
1701,Student 1701
1702,Student 1702
1703,Student 1703
1704,Student 1704
1705,Student 1705
1706,Student 1706
1707,Student 1707
1708,Student 1708
1709,Student 1709
1710,Student 1710
1711,Student 1711
1712,Student 1712
1713,Student 1713
1714,Student 1714
1715,Student 1715
1716,Student 1716
1717,Student 1717
1718,Student 1718
1719,Student 1719
1720,Student 1720
1721,Student 1721
1722,Student 1722
1723,Student 1723
1724,Student 1724
1725,Student 1725
1726,Student 1726
1727,Student 1727
1728,Student 1728
1729,Student 1729
1730,Student 1730
1731,Student 1731
1732,Student 1732
1733,Student 1733
1734,Student 1734
1735,Student 1735
1736,Student 1736
1737,Student 1737
1738,Student 1738
1739,Student 1739
1740,Student 1740
1741,Student 1741
1742,Student 1742
1743,Student 1743
1744,Student 1744
1745,Student 1745
1746,Student 1746
1747,Student 1747
1748,Student 1748
1749,Student 1749
1750,Student 1750
1751,Student 1751
1752,Student 1752
1753,Student 1753
1754,Student 1754
1755,Student 1755
1756,Student 1756
1757,Student 1757
1758,Student 1758
1759,Student 1759
1760,Student 1760
1761,Student 1761
1762,Student 1762
1763,Student 1763
1764,Student 1764
1765,Student 1765
1766,Student 1766
1767,Student 1767
1768,Student 1768
1769,Student 1769
1770,Student 1770
1771,Student 1771
1772,Student 1772
1773,Student 1773
1774,Student 1774
1775,Student 1775
1776,Student 1776
1777,Student 1777
1778,Student 1778
1779,Student 1779
1780,Student 1780
1781,Student 1781
1782,Student 1782
1783,Student 1783
1784,Student 1784
1785,Student 1785
1786,Student 1786
1787,Student 1787
1788,Student 1788
1789,Student 1789
1790,Student 1790
1791,Student 1791
1792,Student 1792
1793,Student 1793
1794,Student 1794
1795,Student 1795
1796,Student 1796
1797,Student 1797
1798,Student 1798
1799,Student 1799
1800,Student 1800
1801,Student 1801
1802,Student 1802
1803,Student 1803
1804,Student 1804
1805,Student 1805
1806,Student 1806
1807,Student 1807
1808,Student 1808
1809,Student 1809
1810,Student 1810
1811,Student 1811
1812,Student 1812
1813,Student 1813
1814,Student 1814
1815,Student 1815
1816,Student 1816
1817,Student 1817
1818,Student 1818
1819,Student 1819
1820,Student 1820
1821,Student 1821
1822,Student 1822
1823,Student 1823
1824,Student 1824
1825,Student 1825
1826,Student 1826
1827,Student 1827
1828,Student 1828
1829,Student 1829
1830,Student 1830
1831,Student 1831
1832,Student 1832
1833,Student 1833
1834,Student 1834
1835,Student 1835
1836,Student 1836
1837,Student 1837
1838,Student 1838
1839,Student 1839
1840,Student 1840
1841,Student 1841
1842,Student 1842
1843,Student 1843
1844,Student 1844
1845,Student 1845
1846,Student 1846
1847,Student 1847
1848,Student 1848
1849,Student 1849
1850,Student 1850
1851,Student 1851
1852,Student 1852
1853,Student 1853
1854,Student 1854
1855,Student 1855
1856,Student 1856
1857,Student 1857
1858,Student 1858
1859,Student 1859
1860,Student 1860
1861,Student 1861
1862,Student 1862
1863,Student 1863
1864,Student 1864
1865,Student 1865
1866,Student 1866
1867,Student 1867
1868,Student 1868
1869,Student 1869
1870,Student 1870
1871,Student 1871
1872,Student 1872
1873,Student 1873
1874,Student 1874
1875,Student 1875
1876,Student 1876
1877,Student 1877
1878,Student 1878
1879,Student 1879
1880,Student 1880
1881,Student 1881
1882,Student 1882
1883,Student 1883
1884,Student 1884
1885,Student 1885
1886,Student 1886
1887,Student 1887
1888,Student 1888
1889,Student 1889
1890,Student 1890
1891,Student 1891
1892,Student 1892
1893,Student 1893
1894,Student 1894
1895,Student 1895
1896,Student 1896
1897,Student 1897
1898,Student 1898
1899,Student 1899
1900,Student 1900
1901,Student 1901
1902,Student 1902
1903,Student 1903
1904,Student 1904
1905,Student 1905
1906,Student 1906
1907,Student 1907
1908,Student 1908
1909,Student 1909
1910,Student 1910
1911,Student 1911
1912,Student 1912
1913,Student 1913
1914,Student 1914
1915,Student 1915
1916,Student 1916
1917,Student 1917
1918,Student 1918
1919,Student 1919
1920,Student 1920
1921,Student 1921
1922,Student 1922
1923,Student 1923
1924,Student 1924
1925,Student 1925
1926,Student 1926
1927,Student 1927
1928,Student 1928
1929,Student 1929
1930,Student 1930
1931,Student 1931
1932,Student 1932
1933,Student 1933
1934,Student 1934
1935,Student 1935
1936,Student 1936
1937,Student 1937
1938,Student 1938
1939,Student 1939
1940,Student 1940
1941,Student 1941
1942,Student 1942
1943,Student 1943
1944,Student 1944
1945,Student 1945
1946,Student 1946
1947,Student 1947
1948,Student 1948
1949,Student 1949
1950,Student 1950
1951,Student 1951
1952,Student 1952
1953,Student 1953
1954,Student 1954
1955,Student 1955
1956,Student 1956
1957,Student 1957
1958,Student 1958
1959,Student 1959
1960,Student 1960
1961,Student 1961
1962,Student 1962
1963,Student 1963
1964,Student 1964
1965,Student 1965
1966,Student 1966
1967,Student 1967
1968,Student 1968
1969,Student 1969
1970,Student 1970
1971,Student 1971
1972,Student 1972
1973,Student 1973
1974,Student 1974
1975,Student 1975
1976,Student 1976
1977,Student 1977
1978,Student 1978
1979,Student 1979
1980,Student 1980
1981,Student 1981
1982,Student 1982
1983,Student 1983
1984,Student 1984
1985,Student 1985
1986,Student 1986
1987,Student 1987
1988,Student 1988
1989,Student 1989
1990,Student 1990
1991,Student 1991
1992,Student 1992
1993,Student 1993
1994,Student 1994
1995,Student 1995
1996,Student 1996
1997,Student 1997
1998,Student 1998
1999,Student 1999
2000,Student 2000
